we forward it through the network,우리는 네트워크를 통해 전달
we forward it through the network,우리는 네트워크를 통해 전달
obtain the classification scores px;y and the regression prediction tx;y for each location,Y 및 회귀 예측 TX; 분류 스코어를 획득 PX Y를 각 위치
we forward it through the network,우리는 네트워크를 통해 전달
classification,분류
we forward it through the network,우리는 네트워크를 통해 전달
![res](./res/1.PNG),! [입술 (./ 입술 / 1.PNG)
You can use it usefully.,당신은 유용하게 사용할 수 있습니다.
modify it to support many languages.,많은 언어를 지원하기 위해 수정합니다.
modify it to support many languages. (both source and destination.),많은 언어를 지원하기 위해 수정합니다. (소스 및 대상).
will modify it to support many languages. (both source and destination.),여러 언어를 지원하도록 수정됩니다. (소스 및 대상).
support many languages. (both source and destination.),많은 언어를 지원합니다. (소스 및 대상).
append many languages.,많은 언어를 추가합니다.
output = self.translator.translate(search_string, src = 'en', dest = 'ko'),출력 = self.translator.translate (SEARCH_STRING, SRC = "EN '최종 도착 ='KO ')
If your languages is different, please replace "src" and "dest".,당신의 언어가 다른 경우, "SRC"와 "이명 령"을 교환하십시오.
different,다른
